{"count":1,"self":52.351657599999996,"total":78.6151565,"children":{"InitializeActuators":{"count":1,"self":0.0019996,"total":0.0019996,"children":null},"InitializeSensors":{"count":1,"self":0.0010006,"total":0.0010006,"children":null},"AgentSendState":{"count":34651,"self":0.0811417,"total":1.9623407,"children":{"CollectObservations":{"count":6931,"self":0.012577399999999999,"total":0.012577399999999999,"children":null},"WriteActionMask":{"count":6931,"self":0.0040133999999999994,"total":0.0040133999999999994,"children":null},"RequestDecision":{"count":6931,"self":0.0342905,"total":1.8646082,"children":{"AgentInfo.ToProto":{"count":6931,"self":0.0236501,"total":1.8303177,"children":{"GenerateSensorData":{"count":6931,"self":1.8066676,"total":1.8066676,"children":null}}}}}}},"DecideAction":{"count":34651,"self":24.054032,"total":24.0540326,"children":null},"AgentAct":{"count":34651,"self":0.17180869999999998,"total":0.24309719999999999,"children":{"AgentInfo.ToProto":{"count":226,"self":0.0034698999999999997,"total":0.071288499999999991,"children":{"GenerateSensorData":{"count":226,"self":0.067818599999999993,"total":0.067818599999999993,"children":null}}}}}},"gauges":{"BallBehavior.CumulativeReward":{"count":226,"max":-1.066,"min":-1.48997331,"runningAverage":-1.15084779,"value":-1.081,"weightedAverage":-1.12579119}},"metadata":{"timer_format_version":"0.1.0","start_time_seconds":"1765403528","unity_version":"6000.3.0f1","command_line_arguments":"C:\\Program Files\\Unity\\Hub\\Editor\\6000.3.0f1\\Editor\\Unity.exe -projectPath C:\\Users\\Dani\\Downloads\\ez_egy_java\\unitycucc\\Rolling","communication_protocol_version":"1.5.0","com.unity.ml-agents_version":"2.0.2","scene_name":"SampleScene","end_time_seconds":"1765403606"}}